1,Measurement,Mass and Weight
,,Density
,,Relative Density
,,Effect of Temperature
,,
2,Motion,Rest and Motion
,,Types of Motion
,,Distance and Displacement
,,Speed and Velocity
,,Acceleration
,,Equations of Motion
,,
3,Sound,Introduction
,,Sound Properties
,,Human Sound
,,Characteristics of Sound
,,Noise Pollution
,,Lightning and Thunder
,,Reflection of Sound
,,
4,Light - The Basic Idea of Shadow,Introduction
,,Transparent, Opaque and Translucent Objects
,,Light Travels in a Straight Line
,,The Pinhole Camera
,,What are Shadows?
,,Natural Shadows - Eclipse
,,
5,Reflection of Light - Plane Mirrors,A Deeper Look at Reflection
,,Types of Reflection
,,Laws of Reflection
,,Lateral Inversion
,,Images
,,
6,Reflection of Light - Spherical Mirrors,Spherical Mirrors
,,Image Formation by Mirrors
,,Uses of Mirrors
,,Dispersion of Light
,,
7,Electricity,Introduction
,,Symbols of Electric Components
,,Solar Energy
,,Heating Effects of Electric Current
,,Magnetic Effects of Electric Current
,,Chemical Effects of Electric Current
,,Electric Conductors and Insulators
,,Domestic Electric Circuits 
,,
8,Heat,Introduction
,,Perception of Heat
,,Measurement of Temperature
,,Heat and Temperature
,,Thermal Expansion
,,Transfer of Heat